Model,R2,RMSE,MAE
RandomForest,-1.5872811676079928,0.031777855115463625,0.02658129582925999
XGBoost,0.001210413969370383,0.01974421037048203,0.012919561265483942
GradientBoosting,-0.20878027886375095,0.02172083166745226,0.01507354083268404
LightGBM,-0.9933166972341965,0.0278927233456021,0.02179389283192538
